{"initial_reset_timestamp": 1593084386.017492, "timestamps": [1593084386.5392869, 1593084386.8690608, 1593084387.2243075, 1593084387.6865592, 1593084388.137607, 1593084388.6114383, 1593084389.029112, 1593084389.5386457, 1593084390.0515087, 1593084390.732056, 1593084391.3695953, 1593084392.097602, 1593084392.7924, 1593084393.6181593, 1593084394.4865603, 1593084395.357916, 1593084396.189313, 1593084397.1416535, 1593084398.0603554, 1593084399.0104692], "episode_lengths": [399, 77, 107, 111, 90, 65, 36, 66, 32, 177, 108, 102, 34, 138, 107, 40, 39, 134, 54, 59], "episode_rewards": [0.0, 10.0, 10.0, 10.0, 10.0, 10.0, 10.0, 10.0, 10.0, 10.0, 10.0, 10.0, 10.0, 10.0, 10.0, 10.0, 10.0, 10.0, 0.0, 10.0], "episode_types": ["t", "t", "t", "t", "t", "t", "t", "t", "t", "t", "t", "t", "t", "t", "t", "t", "t", "t", "t", "t"]}